<?xml version="1.0"?>
<!DOCTYPE Configure PUBLIC "-//Mort Bay Consulting//
DTD Configure//EN" "http://jetty.mortbay.org/configure.dtd">

<Configure class="org.eclipse.jetty.server.Server">

    <!-- =========================================================== -->
    <!-- Set connectors                                              -->
    <!-- =========================================================== -->
    <!-- One of each type!                                           -->
    <!-- =========================================================== -->

    <!-- Use this connector for many frequently idle connections
         and for threadless continuations.
    -->
    <Call name="addConnector">
        <Arg>
            <New class="org.eclipse.jetty.server.nio.SelectChannelConnector">
                <Set name="host">
                    <Property name="jetty.host"/>
                </Set>
                <!-- We explicitly set port to 0 to avoid port conflicts, then a real port will be picked
                     from org.ops4j.pax.web pid, which is PortService aware
                -->
                <Set name="port">
                    <Property name="jetty.port" default="0"/>
                </Set>
                <Set name="maxIdleTime">300000</Set>
                <Set name="Acceptors">2</Set>
                <Set name="statsOn">false</Set>
                <Set name="confidentialPort">8443</Set>
                <Set name="lowResourcesConnections">20000</Set>
                <Set name="lowResourcesMaxIdleTime">5000</Set>
            </New>
        </Arg>
    </Call>

    <Call name="addBean">
        <Arg>
            <New class="org.eclipse.jetty.plus.jaas.JAASLoginService">
                <Set name="name">karaf</Set>
                <Set name="loginModuleName">karaf</Set>
                <Set name="roleClassNames">
                    <Array type="java.lang.String">
                        <Item>org.apache.karaf.jaas.boot.principal.RolePrincipal</Item>
                    </Array>
                </Set>
            </New>
        </Arg>
    </Call>
</Configure>